{
  "mean_pixel_value": {
    "mean": 0.2842935629673302,
    "std": 0.12982765172535454,
    "min": 0.05099539831280708,
    "max": 0.7056673169136047
  },
  "std_pixel_value": {
    "mean": 0.3192526909187436,
    "std": 0.07886590681560143,
    "min": 0.07569850981235504,
    "max": 0.45564067363739014
  }
}