{
  "model": "models/resnet50_best.pth",
  "backbone": "resnet50",
  "embedding_size": 128,
  "recall@1": 0.4954,
  "recall@5": 0.8236,
  "recall@10": 0.9138,
  "recall@20": 0.9582,
  "map@10": 0.5675499382401109,
  "total_params": 24622784,
  "embedding_stats": {
    "mean": 0.00045966525794938207,
    "std": 0.0883871465921402,
    "l2_norm": 1.0
  }
}