{
  "train_loss": [
    0.20865346364180248,
    0.20486192619800567,
    0.20378148436546326,
    0.20394868131478627,
    0.20385437415043514,
    0.20301384367545447,
    0.20383889345328013,
    0.2044597469965617,
    0.2025925437013308,
    0.20226825485626856,
    0.19651616656780244
  ],
  "val_loss": [
    0.22484503924212557,
    0.22118288024942925,
    0.2067225789453121,
    0.21524338661990267,
    0.20793465620025675,
    0.20649454806079257,
    0.21789391037631542,
    0.21226385426014027,
    0.21993459317278355,
    0.2205046183092797,
    0.2182941603216719
  ],
  "learning_rate": [
    0.0005,
    0.0005,
    0.0005,
    0.0005,
    0.0005,
    0.0005,
    0.0005,
    0.0005,
    0.0005,
    5e-05,
    5e-05
  ],
  "grad_norm": [
    1.393372273833941,
    1.059922982760153,
    1.1286466565276105,
    1.2556744694696964,
    1.3673487136376523,
    1.5589810275131468,
    1.7408505365374531,
    1.8693764710558571,
    2.1911236756927184,
    2.327776624064232,
    3.519559707817127
  ],
  "epoch": [
    0,
    1,
    2,
    3,
    4,
    5,
    6,
    7,
    8,
    9,
    10
  ]
}