{
  "train_loss": [
    0.0997656941967973,
    0.09743432049573972,
    0.08846393083117081,
    0.07702145156553225,
    0.07969318181869993,
    0.08721931949554687,
    0.08193625173324924,
    0.07664919014312674,
    0.07937252444337564,
    0.07660156173772546
  ],
  "val_loss": [
    0.456797233294873,
    0.4412151376406352,
    0.4335086689818473,
    0.43079499651988346,
    0.43072476308970226,
    0.4224415251186916,
    0.42638071023282553,
    0.4220071690423148,
    0.41832930417287917,
    0.4207359282743363
  ],
  "train_triplets": [
    0.4940239043824701,
    0.5166002656042497,
    0.4847277556440903,
    0.45152722443559096,
    0.4754316069057105,
    0.5152722443559097,
    0.4847277556440903,
    0.4913678618857902,
    0.4913678618857902,
    0.48339973439575035
  ],
  "val_triplets": [
    63.357142857142854,
    63.357142857142854,
    63.357142857142854,
    63.357142857142854,
    63.357142857142854,
    63.357142857142854,
    63.357142857142854,
    63.357142857142854,
    63.357142857142854,
    63.357142857142854
  ]
}