{
  "train_loss": [
    0.10193564632974297,
    0.09570544095311666,
    0.08956905744306912,
    0.11089627480364415,
    0.09700694488260059,
    0.10172486764342978,
    0.09355207711735253,
    0.10064786419292211,
    0.09274002858208787,
    0.10141738141042145
  ],
  "val_loss": [
    0.46729850662606104,
    0.480103928063597,
    0.4792518033867791,
    0.46788420315299717,
    0.4728011091550191,
    0.4781148735256422,
    0.4774655912603651,
    0.46434713225989116,
    0.46413881118808475,
    0.4713138427053179
  ],
  "train_triplets": [
    0.4913678618857902,
    0.47277556440903057,
    0.4302788844621514,
    0.549800796812749,
    0.4754316069057105,
    0.4913678618857902,
    0.46215139442231074,
    0.5073041168658698,
    0.4674634794156706,
    0.5298804780876494
  ],
  "val_triplets": [
    63.357142857142854,
    63.357142857142854,
    63.357142857142854,
    63.357142857142854,
    63.357142857142854,
    63.357142857142854,
    63.357142857142854,
    63.357142857142854,
    63.357142857142854,
    63.357142857142854
  ]
}