{
  "train_loss": [
    0.08770538452928602,
    0.09719147435222489,
    0.09563602772287796,
    0.08083483774665184,
    0.08909023609531828,
    0.09467075691913387,
    0.08918342200091794,
    0.08125906102210877,
    0.09102940310045067,
    0.09551253910875257
  ],
  "val_loss": [
    0.45022732409692945,
    0.44655705988407135,
    0.45602596799532574,
    0.45765638777187895,
    0.44535768777132034,
    0.4401621814994585,
    0.43766465144498007,
    0.45557452951158794,
    0.4387419947556087,
    0.46153114310332705
  ],
  "train_triplets": [
    0.43824701195219123,
    0.5152722443559097,
    0.5205843293492696,
    0.42895086321381143,
    0.48871181938911024,
    0.5192563081009296,
    0.4581673306772908,
    0.4541832669322709,
    0.4940239043824701,
    0.5033200531208499
  ],
  "val_triplets": [
    63.357142857142854,
    63.357142857142854,
    63.357142857142854,
    63.357142857142854,
    63.357142857142854,
    63.357142857142854,
    63.357142857142854,
    63.357142857142854,
    63.357142857142854,
    63.357142857142854
  ]
}