{
  "train_loss": [
    0.08675090380873814,
    0.09471091172926296,
    0.10677093409922019,
    0.10602396528717689,
    0.10030534507268929,
    0.10212752147816409,
    0.10902291255326543,
    0.10953214210501389,
    0.09491569167905911,
    0.10541517286503299,
    0.10058662999831981,
    0.10682425318486187,
    0.09466553585304524,
    0.09305730980547618,
    0.0896765085884616
  ],
  "val_loss": [
    0.48996321644101826,
    0.5165515048872857,
    0.4917543317590441,
    0.5119466707110405,
    0.48249822003500803,
    0.5211140616309076,
    0.513471544498489,
    0.516927631128402,
    0.4948145764924231,
    0.4661520134125437,
    0.46724234202078413,
    0.463904256267207,
    0.4696934652470407,
    0.4856475495866367,
    0.4715313755330585
  ],
  "train_triplets": [
    0.39575033200531207,
    0.43691899070385126,
    0.50199203187251,
    0.49269588313413015,
    0.4860557768924303,
    0.4807436918990704,
    0.5285524568393094,
    0.5670650730411687,
    0.44621513944223107,
    0.5365205843293492,
    0.4820717131474104,
    0.5192563081009296,
    0.4634794156706507,
    0.43824701195219123,
    0.43824701195219123
  ],
  "val_triplets": [
    63.357142857142854,
    63.357142857142854,
    63.357142857142854,
    63.357142857142854,
    63.357142857142854,
    63.357142857142854,
    63.357142857142854,
    63.357142857142854,
    63.357142857142854,
    63.357142857142854,
    63.357142857142854,
    63.357142857142854,
    63.357142857142854,
    63.357142857142854,
    63.357142857142854
  ],
  "learning_rates": [
    0.0001,
    0.0001,
    0.0001,
    0.0001,
    0.0001,
    0.0001,
    0.0001,
    0.0001,
    5e-05,
    5e-05,
    5e-05,
    5e-05,
    5e-05,
    5e-05,
    5e-05
  ]
}