{
  "model": "models/stanford_resnet50_best.pth",
  "dataset": "stanford",
  "backbone": "resnet50",
  "embedding_size": 128,
  "test_samples": 60502,
  "num_unique_products": 11316,
  "num_categories": 12,
  "category_metrics": {
    "recall@1": 0.1240124293411788,
    "recall@5": 0.4292915936663251,
    "recall@10": 0.6362434299692572,
    "recall@20": 0.833955902284222,
    "recall@50": 0.9692737430167597,
    "map@10": 0.23321513578686107
  },
  "total_params": 24622784,
  "embedding_stats": {
    "mean": -0.010427666828036308,
    "std": 0.08777108788490295,
    "l2_norm": 1.0
  }
}